epoch,train_loss,train_acc,val_loss,val_macro_f1,val_top1,val_balanced_acc,lr,train_time_s,epoch_time_s
1,1.0027990573790015,0.6633003048780488,0.35665627848383563,0.85090262186432,0.8857469294487289,0.8562451787861234,0.0001,62.75476837600036,72.32742126599987
2,0.3702197656398866,0.8746189024390244,0.1975994241029935,0.9118760190603474,0.9351613824621536,0.9153145961223559,9.797464868072488e-05,62.365378911000334,73.01674304199969
3,0.26366415256407205,0.9104420731707317,0.15650158119062055,0.9258178745810296,0.9465866895172808,0.929955716535936,9.206267664155907e-05,62.25345994500003,72.46651369400024
4,0.2188943072063167,0.9256859756097561,0.145403010432838,0.9333751553029221,0.953441873750357,0.9406671672883308,8.274303669726426e-05,62.468123686999206,73.0233340169998
5,0.1772624225151248,0.9429306402439024,0.13300644974518216,0.94113877047297,0.9571550985432733,0.9504784682577085,7.077075065009433e-05,63.15007206300015,73.73987434999981
6,0.1464770479900081,0.9507431402439024,0.12335459356587535,0.9522939332435763,0.964581548129106,0.9609780744597867,5.7115741913664264e-05,62.981291080999654,73.64782464499967
7,0.12708474368583866,0.9574123475609756,0.11652936026032602,0.9534190091089818,0.9651528134818623,0.9588649665695193,4.288425808633575e-05,62.39989758600041,73.05411285600076
8,0.09763890940968584,0.9666539634146342,0.11753441553410718,0.9554206752017884,0.9668666095401314,0.9633753727679368,2.9229249349905684e-05,62.51649843599989,73.29343934600001
9,0.08906467949471823,0.9702743902439024,0.11338458666287977,0.956050574258906,0.9668666095401314,0.9631075784011005,1.725696330273575e-05,62.78988208200008,73.51546988000064
10,0.07122126439722573,0.9767530487804879,0.1128459748830907,0.9580908405560484,0.9691516709511568,0.9646701183566159,7.937323358440935e-06,62.65185476200077,71.94171453400031
11,0.06074742573063548,0.98046875,0.11173176833329218,0.9589210650371124,0.9700085689802913,0.9638732941697413,2.0253513192751373e-06,62.38574550500016,71.71852094600035
12,0.057679036768471324,0.9807545731707317,0.10849886951753665,0.9598593776189784,0.9708654670094259,0.9631907225261594,0.0,61.271954339999866,71.75540890999946
