,train,val,test,total,paper_table1,diff_vs_paper,share_%,train_%_of_class,val_%_of_class,test_%_of_class
Chinee Apple,675,225,226,1126,1125,1,6.430978353989377,59.94671403197158,19.982238010657195,20.071047957371224
Lantana,637,213,213,1063,1064,-1,6.0711634016791365,59.92474129821261,20.037629350893695,20.037629350893695
Parkinsonia,618,206,207,1031,1031,0,5.888400251299331,59.94180407371484,19.98060135790495,20.077594568380214
Parthenium,613,204,205,1022,1022,0,5.836998115255012,59.980430528375734,19.96086105675147,20.058708414872797
Prickly Acacia,637,212,213,1062,1062,0,6.065452053229768,59.98116760828625,19.962335216572505,20.056497175141242
Rubber Vine,605,202,202,1009,1009,0,5.762750585413216,59.9603567888999,20.01982160555005,20.01982160555005
Siam Weed,644,215,215,1074,1074,0,6.133988234622194,59.96275605214153,20.018621973929235,20.018621973929235
Snake Weed,609,203,204,1016,1016,0,5.802730024558798,59.94094488188976,19.980314960629922,20.078740157480315
Negatives,5463,1821,1822,9106,9106,0,52.00753897995317,59.99341093784318,19.997803645947727,20.008785416209093
